{
  "model": "LogisticRegression",
  "accuracy": 0.8813219393093826,
  "f1_score": 0.8952028952028952,
  "precision": 0.881158102167652,
  "recall": 0.9097026604068857,
  "roc_auc": 0.9518518775336364,
  "test_set_size": 11468,
  "inference_speed_samples_per_sec": 119472.9269257136
}