{
  "transformer_weight": 0.5,
  "lr_weight": 0.5,
  "accuracy": 0.56,
  "f1_score": 0.21428571428571427,
  "precision": 0.6,
  "recall": 0.13043478260869565,
  "roc_auc": 0.8317230273752014
}